qid,n_claims,mean_support,frac_supported,fully_supported
0bac8974-554c-439a-a9a2-22fa509c8d5d,17,0.3162261624546612,0.23529411764705882,0
0eede7a8-fe1f-42d3-a2c6-478083648644,14,0.5826496120010104,0.5714285714285714,0
10cece36-a507-4a93-9600-13f3e0e677f8,34,0.47328697966740413,0.4117647058823529,0
1ccdc348-50e1-4941-9151-5e50411a2b41,13,0.29068373344265497,0.15384615384615385,0
1e5f5199-84f4-4133-ab87-2372fa6ca722,14,0.40688228447522434,0.2857142857142857,0
247eeb85-a552-4b87-b83e-327538fcb8a9,30,0.3357769281603396,0.26666666666666666,0
27234279-f50c-4cfc-86e2-af68364a8f94,23,0.4023507480388102,0.34782608695652173,0
2c05315d-6898-4667-b454-d99b7381bedb,30,0.446179386600852,0.4,0
39129e1c-096f-4414-bf4f-37fadbbe364c,2,0.429399486631155,0.5,0
39c985ce-70e8-48e4-bd76-744cd07cb56a,30,0.31000154446810485,0.06666666666666667,0
487539f9-2f17-4009-aa4a-c41322445f11,13,0.38834727756105936,0.38461538461538464,0
5049c648-b1bb-4624-8824-9d93dfb04e51,12,0.6372053809463978,0.5833333333333334,0
517e7cf8-c5d2-4391-9e2a-235b79d93050,13,0.1068121581696547,0.0,0
5a2128ad-3127-4595-b810-db128d1a2335,17,0.16448953073910055,0.058823529411764705,0
5c4c602c-9624-4eae-ac44-efe4c0dd10e6,8,0.6844962602481246,0.75,0
76184ccf-4bf0-469e-a442-11d04b4ff8b0,13,0.40546513377473903,0.46153846153846156,0
77a41274-cd9c-48bc-a347-e0746907840d,26,0.1492611881560431,0.038461538461538464,0
7cf0fcde-fea8-420c-8531-2f2fe9e38980,30,0.16060903367275994,0.13333333333333333,0
7d805bb8-4c7c-431f-b068-acf5e5459985,5,0.20403438955545425,0.2,0
82de3e92-abe2-46ac-ad17-23417b9c4da7,12,0.36136979671816033,0.3333333333333333,0
8d7fa642-ee46-4a13-8ea9-61cc2d4f4ddd,9,0.43321019038558006,0.3333333333333333,0
a18883e9-218a-4719-8d2c-cf94d740de1a,23,0.3566251656283503,0.30434782608695654,0
a214f5f8-0de8-43cf-82e0-7930003e4a0c,21,0.42021078314809573,0.42857142857142855,0
a43e5166-d0e8-48f8-a113-648acac7ed59,32,0.27677807747386396,0.1875,0
aaa85379-1e4b-4642-9ec4-e1a6d6c29c3b,7,0.3107956897999559,0.2857142857142857,0
ab5eb050-d134-4445-9307-6faa08be7474,17,0.34367947302320423,0.29411764705882354,0
c47dd378-dde3-4a45-9184-6abfa6163717,8,0.3656748339999467,0.25,0
c9bdb9b5-28c1-44da-93b6-b1fc9d8bf369,11,0.5412489341741259,0.5454545454545454,0
cb710074-73a8-4407-b0c7-7dc868f1bc76,8,0.5183911370113492,0.5,0
d1307e50-3c03-4c76-81ee-2decb5de5f14,54,0.38777582885490525,0.35185185185185186,0
d2860d38-dfb9-4b80-905f-812c32573915,14,0.6076254067676408,0.5714285714285714,0
d65103ae-c881-4116-a0a7-1b233eb6275a,12,0.05816377582959831,0.0,0
d7833c0f-2a16-40d2-b6a0-6764aa3003a6,25,0.420664521753788,0.44,0
da5b2a8f-ba08-4692-851f-2e0bf142a02f,7,0.333386197154011,0.2857142857142857,0
dd29920d-cb70-440f-961c-3e1103776c4f,14,0.5514451438294989,0.5714285714285714,0
e2fb56b7-08cd-4dc0-bc63-b45931a74fc9,24,0.27074416788915795,0.20833333333333334,0
e3b5a4af-41d9-48db-becf-29a08d0ad28e,8,0.3072435043286532,0.375,0
e6b0f9e5-e976-47dc-b839-0b2fca967e9e,11,0.41857203570279206,0.36363636363636365,0
eda34fde-798e-43a1-a9d3-a804d3d8ee4e,21,0.5555323828898725,0.5714285714285714,0
f5a84803-3917-43eb-801b-8dc0c5400da1,15,0.26725573192040125,0.2,0
