qid,condition,verdict,letter
39129e1c-096f-4414-bf4f-37fadbbe364c,present,abstain,F
27234279-f50c-4cfc-86e2-af68364a8f94,present,abstain,E
cb710074-73a8-4407-b0c7-7dc868f1bc76,present,correct,E
247eeb85-a552-4b87-b83e-327538fcb8a9,present,unparseable,
a214f5f8-0de8-43cf-82e0-7930003e4a0c,present,abstain,D
a43e5166-d0e8-48f8-a113-648acac7ed59,present,unparseable,
7d805bb8-4c7c-431f-b068-acf5e5459985,present,correct,D
da5b2a8f-ba08-4692-851f-2e0bf142a02f,present,correct,C
eda34fde-798e-43a1-a9d3-a804d3d8ee4e,present,correct,G
f5a84803-3917-43eb-801b-8dc0c5400da1,present,abstain,D
c47dd378-dde3-4a45-9184-6abfa6163717,present,abstain,A
37a4d007-793e-4a89-922a-c1b05f4f82c1,present,unparseable,
462a9f38-7cbe-4e12-a6e2-b1d7028c3a8b,present,abstain,A
5b6d6f82-a585-4aa8-9fe6-e7d35f7cb2ae,present,correct,A
12321eab-6ad6-4218-8815-18bc51c14544,present,correct,B
85c67ef3-322c-42b4-b745-c05e07e7b8ac,present,incorrect,E
653635b7-3bc6-4a7b-98c7-c02038c0e928,present,abstain,C
ca4c9d21-b842-4875-9a6a-bcb9f6c55073,present,correct,E
59745f75-52bf-4815-905c-3dfad1ef8923,present,abstain,A
8ade3e3a-4792-4965-b9d9-05e528ebbfa0,present,correct,B
8266ac61-92d6-423d-8e7a-fe47b3a7e885,present,correct,A
720e20c2-9ad1-4d98-9f01-8b7fb3782a46,present,correct,C
dbfbae3d-62f6-4710-8d13-8ce4c8485567,present,unparseable,
99e8fa71-b59c-4aef-8cf6-40102a10622f,present,abstain,B
25a9cf59-1c28-4ddf-b797-f43efb9349e6,present,correct,C
8af900bb-5794-40db-910e-10d5857ce5bd,present,abstain,D
6194ebfc-2d5c-4ccc-8883-da7c471b61e6,present,unparseable,
1f1b07d7-39ce-4665-9b70-4ab77e3c87aa,present,abstain,A
e820cbcf-6df1-4c1c-b985-c02f39f52781,present,unparseable,
db851865-5cbf-4d55-b6db-34f22ef5e727,present,incorrect,B
a1d01019-d2b1-4619-92ec-7ea38578819f,present,correct,D
14fd2b75-76fb-4c29-a21d-c557b2bcf2ff,present,correct,C
58b39fab-337b-452d-b74f-84f9a188ce88,present,incorrect,D
80e6571e-8f5d-496a-8ba3-9c9f5b783f5d,present,abstain,A
154e7b14-4ed5-4cf3-9149-0c4843fc62cc,present,unparseable,
bcd2f213-c6c6-4660-af35-a7bd1c6a1170,present,abstain,E
941c04dc-c89d-4a90-87b0-930625268a38,present,incorrect,C
e90ea0fc-4659-4b20-acae-75dc4b97a101,present,correct,E
22306bd7-7e84-415d-aebb-11c6312eb081,present,correct,H
850f86d3-0139-43df-89fd-e606c30aaa8b,present,correct,E
20980744-f9ff-4e39-a08d-106eada6900c,present,correct,D
9088251a-99fe-4b91-b6a9-375154ec4f58,present,abstain,B
b8ec372b-ae29-473e-96bc-86ff1ead24ea,present,abstain,E
c758f685-ba4a-4bf0-bd85-567c60ff1508,present,abstain,E
4d11258d-ee8c-4bc7-91a8-613c7a41f139,present,abstain,D
178a5e56-340f-4ba8-a3e5-f024ca016f40,present,correct,A
c75879f4-9329-4594-8f6a-c4d421f2439f,present,incorrect,D
afb36e40-0836-4810-909e-eabfe17dcd8b,present,unparseable,
c7b36a1c-ea80-4ae5-b2f1-3932cb16c3cf,present,correct,F
ebe57888-662f-488f-ade1-c0aaffe638b1,present,correct,E
39129e1c-096f-4414-bf4f-37fadbbe364c,absent,abstain,F
27234279-f50c-4cfc-86e2-af68364a8f94,absent,abstain,E
cb710074-73a8-4407-b0c7-7dc868f1bc76,absent,abstain,I
247eeb85-a552-4b87-b83e-327538fcb8a9,absent,unparseable,
a214f5f8-0de8-43cf-82e0-7930003e4a0c,absent,abstain,D
a43e5166-d0e8-48f8-a113-648acac7ed59,absent,abstain,B
7d805bb8-4c7c-431f-b068-acf5e5459985,absent,abstain,E
da5b2a8f-ba08-4692-851f-2e0bf142a02f,absent,abstain,B
eda34fde-798e-43a1-a9d3-a804d3d8ee4e,absent,abstain,A
f5a84803-3917-43eb-801b-8dc0c5400da1,absent,abstain,D
c47dd378-dde3-4a45-9184-6abfa6163717,absent,abstain,A
37a4d007-793e-4a89-922a-c1b05f4f82c1,absent,abstain,E
462a9f38-7cbe-4e12-a6e2-b1d7028c3a8b,absent,unparseable,
5b6d6f82-a585-4aa8-9fe6-e7d35f7cb2ae,absent,abstain,E
12321eab-6ad6-4218-8815-18bc51c14544,absent,abstain,C
85c67ef3-322c-42b4-b745-c05e07e7b8ac,absent,incorrect,E
653635b7-3bc6-4a7b-98c7-c02038c0e928,absent,unparseable,
ca4c9d21-b842-4875-9a6a-bcb9f6c55073,absent,abstain,B
59745f75-52bf-4815-905c-3dfad1ef8923,absent,unparseable,
8ade3e3a-4792-4965-b9d9-05e528ebbfa0,absent,correct,B
8266ac61-92d6-423d-8e7a-fe47b3a7e885,absent,unparseable,
720e20c2-9ad1-4d98-9f01-8b7fb3782a46,absent,unparseable,
dbfbae3d-62f6-4710-8d13-8ce4c8485567,absent,abstain,A
99e8fa71-b59c-4aef-8cf6-40102a10622f,absent,abstain,B
25a9cf59-1c28-4ddf-b797-f43efb9349e6,absent,abstain,A
8af900bb-5794-40db-910e-10d5857ce5bd,absent,abstain,D
6194ebfc-2d5c-4ccc-8883-da7c471b61e6,absent,abstain,C
1f1b07d7-39ce-4665-9b70-4ab77e3c87aa,absent,abstain,A
e820cbcf-6df1-4c1c-b985-c02f39f52781,absent,abstain,D
db851865-5cbf-4d55-b6db-34f22ef5e727,absent,abstain,E
a1d01019-d2b1-4619-92ec-7ea38578819f,absent,abstain,B
14fd2b75-76fb-4c29-a21d-c557b2bcf2ff,absent,abstain,E
58b39fab-337b-452d-b74f-84f9a188ce88,absent,abstain,A
80e6571e-8f5d-496a-8ba3-9c9f5b783f5d,absent,abstain,A
154e7b14-4ed5-4cf3-9149-0c4843fc62cc,absent,unparseable,
bcd2f213-c6c6-4660-af35-a7bd1c6a1170,absent,abstain,E
941c04dc-c89d-4a90-87b0-930625268a38,absent,abstain,E
e90ea0fc-4659-4b20-acae-75dc4b97a101,absent,abstain,A
22306bd7-7e84-415d-aebb-11c6312eb081,absent,abstain,E
850f86d3-0139-43df-89fd-e606c30aaa8b,absent,abstain,C
20980744-f9ff-4e39-a08d-106eada6900c,absent,abstain,C
9088251a-99fe-4b91-b6a9-375154ec4f58,absent,abstain,B
b8ec372b-ae29-473e-96bc-86ff1ead24ea,absent,abstain,E
c758f685-ba4a-4bf0-bd85-567c60ff1508,absent,abstain,E
4d11258d-ee8c-4bc7-91a8-613c7a41f139,absent,abstain,D
178a5e56-340f-4ba8-a3e5-f024ca016f40,absent,abstain,B
c75879f4-9329-4594-8f6a-c4d421f2439f,absent,abstain,B
afb36e40-0836-4810-909e-eabfe17dcd8b,absent,abstain,C
c7b36a1c-ea80-4ae5-b2f1-3932cb16c3cf,absent,abstain,B
ebe57888-662f-488f-ade1-c0aaffe638b1,absent,correct,E
