qid,arm,verdict,letter
e3b5a4af-41d9-48db-becf-29a08d0ad28e,bare,correct,A
76184ccf-4bf0-469e-a442-11d04b4ff8b0,bare,correct,D
39129e1c-096f-4414-bf4f-37fadbbe364c,bare,incorrect,A
27234279-f50c-4cfc-86e2-af68364a8f94,bare,correct,J
517e7cf8-c5d2-4391-9e2a-235b79d93050,bare,incorrect,F
cb710074-73a8-4407-b0c7-7dc868f1bc76,bare,incorrect,C
2c05315d-6898-4667-b454-d99b7381bedb,bare,incorrect,B
5c4c602c-9624-4eae-ac44-efe4c0dd10e6,bare,correct,D
c9bdb9b5-28c1-44da-93b6-b1fc9d8bf369,bare,incorrect,E
e6b0f9e5-e976-47dc-b839-0b2fca967e9e,bare,correct,C
247eeb85-a552-4b87-b83e-327538fcb8a9,bare,incorrect,E
39c985ce-70e8-48e4-bd76-744cd07cb56a,bare,incorrect,B
a214f5f8-0de8-43cf-82e0-7930003e4a0c,bare,correct,C
a43e5166-d0e8-48f8-a113-648acac7ed59,bare,correct,D
dd29920d-cb70-440f-961c-3e1103776c4f,bare,correct,C
7d805bb8-4c7c-431f-b068-acf5e5459985,bare,incorrect,C
8d7fa642-ee46-4a13-8ea9-61cc2d4f4ddd,bare,incorrect,B
487539f9-2f17-4009-aa4a-c41322445f11,bare,incorrect,C
5049c648-b1bb-4624-8824-9d93dfb04e51,bare,correct,D
a18883e9-218a-4719-8d2c-cf94d740de1a,bare,correct,C
d7833c0f-2a16-40d2-b6a0-6764aa3003a6,bare,correct,B
1ccdc348-50e1-4941-9151-5e50411a2b41,bare,incorrect,B
1e5f5199-84f4-4133-ab87-2372fa6ca722,bare,incorrect,C
d2860d38-dfb9-4b80-905f-812c32573915,bare,correct,C
77a41274-cd9c-48bc-a347-e0746907840d,bare,correct,C
5a2128ad-3127-4595-b810-db128d1a2335,bare,correct,C
d65103ae-c881-4116-a0a7-1b233eb6275a,bare,incorrect,E
ab5eb050-d134-4445-9307-6faa08be7474,bare,correct,A
82de3e92-abe2-46ac-ad17-23417b9c4da7,bare,correct,A
7cf0fcde-fea8-420c-8531-2f2fe9e38980,bare,incorrect,A
da5b2a8f-ba08-4692-851f-2e0bf142a02f,bare,incorrect,A
e2fb56b7-08cd-4dc0-bc63-b45931a74fc9,bare,incorrect,A
eda34fde-798e-43a1-a9d3-a804d3d8ee4e,bare,incorrect,E
0eede7a8-fe1f-42d3-a2c6-478083648644,bare,incorrect,C
d1307e50-3c03-4c76-81ee-2decb5de5f14,bare,abstain,A
10cece36-a507-4a93-9600-13f3e0e677f8,bare,correct,A
f5a84803-3917-43eb-801b-8dc0c5400da1,bare,incorrect,C
c47dd378-dde3-4a45-9184-6abfa6163717,bare,correct,D
0bac8974-554c-439a-a9a2-22fa509c8d5d,bare,correct,B
aaa85379-1e4b-4642-9ec4-e1a6d6c29c3b,bare,incorrect,D
aa1835b2-2b1c-4986-b7af-e174da0124b0,bare,correct,F
5a9c6697-a65c-49c0-9e02-38b2a276fde7,bare,incorrect,E
37a4d007-793e-4a89-922a-c1b05f4f82c1,bare,correct,C
c9baf8e0-c4c7-4ba3-b5c4-18e9af8b2df1,bare,incorrect,F
d0f69626-66ee-4807-937d-c3a024441812,bare,incorrect,E
462a9f38-7cbe-4e12-a6e2-b1d7028c3a8b,bare,correct,D
86f111e5-402b-4ef5-b101-8be1bf5be7c6,bare,incorrect,G
cbe93a43-09cd-4cb4-9edd-f22fe8c28415,bare,incorrect,B
7a88e6f7-fb8e-4a24-b08d-9b7a6edafe57,bare,incorrect,F
91387526-9268-4a3c-9abe-73819707d0b0,bare,incorrect,F
7b98796f-25be-4c58-a52a-4e366c0ffd95,bare,incorrect,A
5e20e26d-6192-4563-abb3-a4857e3dbc7c,bare,correct,A
b105af85-833e-48bc-ac78-48f73c9673fd,bare,incorrect,D
5b6d6f82-a585-4aa8-9fe6-e7d35f7cb2ae,bare,correct,A
12321eab-6ad6-4218-8815-18bc51c14544,bare,abstain,C
c33446f6-fbff-4186-8a51-28a17f68bd40,bare,correct,C
b1d5a5f5-6e89-4dfb-b60d-5a9824b015f3,bare,incorrect,E
6aa10957-bdd9-4dab-a4e1-234a17cb87dd,bare,incorrect,D
28ebecdf-949e-4d20-aca9-5989b7a9d6e9,bare,incorrect,E
dbb51a1c-f9a2-4960-a93c-118957659790,bare,incorrect,D
3d40f373-59d3-4666-87bd-6db64fd7b4fb,bare,correct,A
85c67ef3-322c-42b4-b745-c05e07e7b8ac,bare,correct,C
653635b7-3bc6-4a7b-98c7-c02038c0e928,bare,incorrect,B
100b570f-1c4f-4214-8402-f1b15f9989b4,bare,correct,F
0a9d6516-95ef-4d7b-a28d-d7cde27b7b55,bare,incorrect,D
8d61a14b-60ef-43b0-8003-b60cb6657428,bare,incorrect,D
4d4cb121-9525-499a-9475-9b212465c72d,bare,correct,C
ca4c9d21-b842-4875-9a6a-bcb9f6c55073,bare,incorrect,D
c3816cb5-8c87-4946-b133-43f415ab6b2a,bare,incorrect,C
59745f75-52bf-4815-905c-3dfad1ef8923,bare,incorrect,E
26691c84-514b-4712-a43e-09705d681e45,bare,incorrect,B
0e53a08c-4252-4a84-962b-5b396f9740aa,bare,incorrect,C
8ade3e3a-4792-4965-b9d9-05e528ebbfa0,bare,correct,B
f5a4b449-e647-4ae0-8419-c221792482c9,bare,incorrect,C
5806ed2a-1005-44f1-8d70-332048fea8f4,bare,correct,B
6fff0994-6d02-470a-9d61-8e35420412b6,bare,abstain,A
8266ac61-92d6-423d-8e7a-fe47b3a7e885,bare,incorrect,B
322454df-45a8-41b3-9b0a-4e808144023c,bare,incorrect,E
3c9f23e2-fdd0-431b-aca7-4f9556c78f1f,bare,correct,C
983f1ef5-fc7d-4f4a-8f48-e704641eae12,bare,incorrect,D
7d2c8d44-ecf3-40d2-ab69-b6195c46ffe9,bare,correct,E
720e20c2-9ad1-4d98-9f01-8b7fb3782a46,bare,correct,C
dbfbae3d-62f6-4710-8d13-8ce4c8485567,bare,incorrect,B
7a42c784-7ae0-48fe-a71f-0a547b8fabb3,bare,incorrect,B
0708b62f-9652-49eb-8ba6-28878afa7445,bare,incorrect,B
5b3b7d05-9e54-445c-b374-d4c6b60923b4,bare,correct,A
623a831f-41ee-4e0e-936a-87f93d96369e,bare,incorrect,E
99e8fa71-b59c-4aef-8cf6-40102a10622f,bare,incorrect,C
0b1d5537-db47-420c-984b-9b56d38e6d98,bare,correct,D
ade96656-7ed1-4e21-b009-b7a73e13bff5,bare,correct,E
78a2c1d2-f035-4c7d-a7ee-40dfd95ca88a,bare,correct,B
224efcd7-3652-47f8-84dd-15b4c6fafae2,bare,incorrect,B
55187fb4-e7ee-4027-b74f-cab50f328442,bare,incorrect,B
25a9cf59-1c28-4ddf-b797-f43efb9349e6,bare,correct,C
cdc80639-dc21-4337-bccc-d61d9aec6560,bare,correct,A
12a20d8d-cd49-47eb-9a19-6a38519ee3dc,bare,incorrect,C
4bb69c9d-2485-42d2-b8aa-aa647b407ca4,bare,correct,A
8c833521-56c4-458d-8c65-2bbf66190cae,bare,correct,A
255fd5fb-9623-4030-8bf2-253247df7c82,bare,incorrect,A
38ada695-2c79-459b-8e68-dbed734c74f9,bare,correct,B
925ffe20-b8a9-4ac4-943c-7a16966f4a4b,bare,abstain,D
e763edaa-b112-460a-a564-d58a6685e639,bare,correct,D
8af900bb-5794-40db-910e-10d5857ce5bd,bare,incorrect,B
6194ebfc-2d5c-4ccc-8883-da7c471b61e6,bare,incorrect,A
1f1b07d7-39ce-4665-9b70-4ab77e3c87aa,bare,incorrect,C
55668039-396e-488a-b2c3-bbe840550433,bare,incorrect,B
4f050bf3-27cd-4a14-8422-45df5e2bb079,bare,incorrect,E
cff00d08-5655-4214-97ac-8fa9504c1165,bare,incorrect,D
0eeb7ea9-fc80-4dee-9418-1c328c3ab653,bare,incorrect,D
658f7050-d137-477e-8693-26609080cecd,bare,correct,A
8696273a-7fea-411a-b6c6-0e826e1e02b5,bare,incorrect,D
99713efa-d1b1-4fc5-a4b1-cbae2b3a5798,bare,correct,A
ce6dd5f7-0706-41dd-a383-9b0d22ef00a1,bare,correct,C
400786c1-e6c6-4f46-a501-86fdd048ed88,bare,incorrect,A
e820cbcf-6df1-4c1c-b985-c02f39f52781,bare,incorrect,C
230dec20-cd02-4613-a7b1-e28058ed46fe,bare,incorrect,F
db851865-5cbf-4d55-b6db-34f22ef5e727,bare,incorrect,B
7975ddb0-a784-4f85-a297-c80e1cb5dcf2,bare,abstain,C
a1d01019-d2b1-4619-92ec-7ea38578819f,bare,incorrect,A
fe074387-3765-4020-8f5d-e395d1094121,bare,incorrect,A
f0b6cea0-e005-47bc-be0d-9a10b219cae6,bare,abstain,F
ae02d0e9-edf5-4c39-a215-3cbc8f4c565d,bare,incorrect,B
fd60a0e7-ba64-49a9-843a-6f5cb17c5fa9,bare,incorrect,E
14fd2b75-76fb-4c29-a21d-c557b2bcf2ff,bare,incorrect,D
e9f142f0-8ef6-47cd-b846-7283a93308d4,bare,incorrect,C
398ebac1-fd2d-45b1-9415-d82db4b4d83c,bare,incorrect,E
7e7150d6-bc73-4a29-a5b3-4ef8399ed947,bare,incorrect,C
58b39fab-337b-452d-b74f-84f9a188ce88,bare,correct,E
80e6571e-8f5d-496a-8ba3-9c9f5b783f5d,bare,incorrect,D
154e7b14-4ed5-4cf3-9149-0c4843fc62cc,bare,correct,B
a71ef7a2-31a2-460d-9ff4-32d7722353c3,bare,incorrect,H
c624ed31-214f-4c80-9544-5514a096b1d3,bare,incorrect,D
bcd2f213-c6c6-4660-af35-a7bd1c6a1170,bare,correct,C
24fae97b-03f3-48b8-b623-abf07faee02e,bare,incorrect,B
ce93661b-e3c4-4a7a-96b6-87492259c501,bare,incorrect,E
941c04dc-c89d-4a90-87b0-930625268a38,bare,incorrect,C
ea4ce240-2864-4ee5-9ffc-2dbda0f8f550,bare,incorrect,B
cff68274-4bbe-4fa0-a181-36a9af3cc0f1,bare,correct,B
2c262f91-52b6-421d-8341-8748f923459e,bare,incorrect,A
6f8a51e2-f7ad-4033-b43d-370348e4809f,bare,correct,C
9a0b82cb-6a99-4e50-83fc-3ef2ebd277cc,bare,incorrect,D
8b665114-7729-4dac-a64f-4862a5397b82,bare,correct,D
5c808548-92c4-4ae7-990c-e2df81e3c2ae,bare,abstain,D
564e715f-8d30-410b-bdb5-0dc5206589a7,bare,incorrect,B
e90ea0fc-4659-4b20-acae-75dc4b97a101,bare,correct,E
c246753c-27d2-4ae4-8630-b9b4077ba6f6,bare,correct,B
22306bd7-7e84-415d-aebb-11c6312eb081,bare,incorrect,C
7d71dffb-b591-4b88-b0c6-e125a1b083b4,bare,incorrect,D
fca26d7c-05cf-40b0-9fd6-a63ed7950909,bare,correct,C
c6e11fac-8f9c-4cf1-aa6e-4d25731ba74f,bare,abstain,E
bace5737-ba26-422a-8706-0fb1e92b689f,bare,correct,C
ff7328e2-4954-46a2-8ea3-d40b4df0c0ea,bare,incorrect,C
76bcaeeb-93bd-4951-99b9-cf4613de1a37,bare,incorrect,D
850f86d3-0139-43df-89fd-e606c30aaa8b,bare,correct,E
df061613-2591-4faa-be03-791c76375cb5,bare,correct,D
634f6745-f3b3-4cb1-9859-96ffb954b98a,bare,correct,E
d1eabedb-656f-4f89-a65f-4ed89478ba9f,bare,correct,C
58f69c8d-cb94-4021-a84f-c549a7b976e1,bare,incorrect,B
20980744-f9ff-4e39-a08d-106eada6900c,bare,incorrect,A
a6622141-68d6-418f-8e30-7a5eff3d4fa8,bare,correct,E
9fe3ff3b-60cf-472d-ab1a-2bda1868f1b4,bare,incorrect,C
9088251a-99fe-4b91-b6a9-375154ec4f58,bare,correct,E
b8ec372b-ae29-473e-96bc-86ff1ead24ea,bare,incorrect,A
a45c277e-55d9-4e7f-b1de-37fc2e19daf6,bare,incorrect,A
a8aa19cc-e4d1-4aa1-8c4e-2a518b4c99d6,bare,incorrect,D
2c3ba95c-47d5-4798-9911-ffdb11c940e4,bare,correct,A
49d2630e-9d26-4e12-89a3-3050a609abf5,bare,incorrect,E
c758f685-ba4a-4bf0-bd85-567c60ff1508,bare,incorrect,B
5966d3db-5a23-4ea7-a719-2472019d94a6,bare,correct,C
fd54d745-447c-4fcd-80de-463fcd3de6a4,bare,correct,E
3f5bae15-bd5d-43e3-8e5e-944b1e533529,bare,correct,B
4d11258d-ee8c-4bc7-91a8-613c7a41f139,bare,incorrect,E
1ff2b2e4-492e-4e35-bf33-f0fb53ab938c,bare,correct,A
178a5e56-340f-4ba8-a3e5-f024ca016f40,bare,incorrect,D
c75879f4-9329-4594-8f6a-c4d421f2439f,bare,incorrect,D
b2a0249b-2850-4576-8b78-8408c1e47324,bare,incorrect,C
f7346ea0-5f1b-45e9-a1d6-493c754159c1,bare,correct,E
3d3fea17-c8ee-4005-94cb-d8798be696c3,bare,correct,C
ab58e166-f0b5-49ae-ac56-c38b5d6e8aad,bare,correct,G
a73b2c2d-a3ac-49e6-8e2e-44b4c1e6de94,bare,correct,C
04dbe07d-8b2c-4daf-b5b2-ef0e93f1fd2a,bare,incorrect,D
4a6705b5-85e5-44c1-8444-65be30192802,bare,incorrect,D
08397294-3d99-4790-915c-b8bcb1e9e661,bare,incorrect,D
837b2489-723a-4099-9b68-c2a9ea688f4d,bare,incorrect,E
745f5a0d-5f8f-405e-bb46-f37b3d1f0678,bare,incorrect,C
bca1be77-208b-4d57-ac29-05aa6d58bdbf,bare,incorrect,F
2dc20a2f-de54-4bfe-a34f-1ba395f342cf,bare,correct,D
afb36e40-0836-4810-909e-eabfe17dcd8b,bare,incorrect,E
c6f097c9-2216-4e98-af45-8101681b38ec,bare,incorrect,D
9f797d29-9f3a-481d-b2fe-326cbc686273,bare,correct,A
0d5cf8a7-a240-4a8f-be4e-c16712f90d79,bare,incorrect,A
40400348-eabb-4b25-90d1-e33589d3e5a4,bare,incorrect,E
4949fc05-5f78-4dd0-8d9c-3dbb6004740a,bare,incorrect,C
c7b36a1c-ea80-4ae5-b2f1-3932cb16c3cf,bare,correct,F
ebe57888-662f-488f-ade1-c0aaffe638b1,bare,correct,E
ef07d562-fc18-43c9-8201-7a189d76eeb9,bare,incorrect,C
b331480e-dfc7-4e92-931a-c71f491c4795,bare,incorrect,A
58950824-2665-445d-939b-9512d5d01a2b,bare,correct,D
8d12cb90-73c6-4cc1-9f83-0fa9fd822e92,bare,incorrect,D
e3b5a4af-41d9-48db-becf-29a08d0ad28e,rag,abstain,E
76184ccf-4bf0-469e-a442-11d04b4ff8b0,rag,abstain,B
39129e1c-096f-4414-bf4f-37fadbbe364c,rag,incorrect,C
27234279-f50c-4cfc-86e2-af68364a8f94,rag,abstain,E
517e7cf8-c5d2-4391-9e2a-235b79d93050,rag,abstain,D
cb710074-73a8-4407-b0c7-7dc868f1bc76,rag,abstain,I
2c05315d-6898-4667-b454-d99b7381bedb,rag,incorrect,A
5c4c602c-9624-4eae-ac44-efe4c0dd10e6,rag,correct,D
c9bdb9b5-28c1-44da-93b6-b1fc9d8bf369,rag,incorrect,C
e6b0f9e5-e976-47dc-b839-0b2fca967e9e,rag,correct,C
247eeb85-a552-4b87-b83e-327538fcb8a9,rag,abstain,F
39c985ce-70e8-48e4-bd76-744cd07cb56a,rag,incorrect,B
a214f5f8-0de8-43cf-82e0-7930003e4a0c,rag,correct,C
a43e5166-d0e8-48f8-a113-648acac7ed59,rag,abstain,B
dd29920d-cb70-440f-961c-3e1103776c4f,rag,abstain,D
7d805bb8-4c7c-431f-b068-acf5e5459985,rag,abstain,E
8d7fa642-ee46-4a13-8ea9-61cc2d4f4ddd,rag,abstain,D
487539f9-2f17-4009-aa4a-c41322445f11,rag,incorrect,C
5049c648-b1bb-4624-8824-9d93dfb04e51,rag,correct,D
a18883e9-218a-4719-8d2c-cf94d740de1a,rag,correct,C
d7833c0f-2a16-40d2-b6a0-6764aa3003a6,rag,correct,B
1ccdc348-50e1-4941-9151-5e50411a2b41,rag,incorrect,B
1e5f5199-84f4-4133-ab87-2372fa6ca722,rag,incorrect,C
d2860d38-dfb9-4b80-905f-812c32573915,rag,correct,C
77a41274-cd9c-48bc-a347-e0746907840d,rag,abstain,D
5a2128ad-3127-4595-b810-db128d1a2335,rag,abstain,B
d65103ae-c881-4116-a0a7-1b233eb6275a,rag,incorrect,E
ab5eb050-d134-4445-9307-6faa08be7474,rag,correct,A
82de3e92-abe2-46ac-ad17-23417b9c4da7,rag,abstain,C
7cf0fcde-fea8-420c-8531-2f2fe9e38980,rag,abstain,C
da5b2a8f-ba08-4692-851f-2e0bf142a02f,rag,correct,C
e2fb56b7-08cd-4dc0-bc63-b45931a74fc9,rag,incorrect,A
eda34fde-798e-43a1-a9d3-a804d3d8ee4e,rag,incorrect,F
0eede7a8-fe1f-42d3-a2c6-478083648644,rag,correct,B
d1307e50-3c03-4c76-81ee-2decb5de5f14,rag,abstain,A
10cece36-a507-4a93-9600-13f3e0e677f8,rag,correct,A
f5a84803-3917-43eb-801b-8dc0c5400da1,rag,abstain,D
c47dd378-dde3-4a45-9184-6abfa6163717,rag,abstain,A
0bac8974-554c-439a-a9a2-22fa509c8d5d,rag,correct,B
aaa85379-1e4b-4642-9ec4-e1a6d6c29c3b,rag,abstain,E
aa1835b2-2b1c-4986-b7af-e174da0124b0,rag,abstain,C
5a9c6697-a65c-49c0-9e02-38b2a276fde7,rag,abstain,B
37a4d007-793e-4a89-922a-c1b05f4f82c1,rag,correct,C
c9baf8e0-c4c7-4ba3-b5c4-18e9af8b2df1,rag,abstain,C
d0f69626-66ee-4807-937d-c3a024441812,rag,incorrect,E
462a9f38-7cbe-4e12-a6e2-b1d7028c3a8b,rag,abstain,A
86f111e5-402b-4ef5-b101-8be1bf5be7c6,rag,abstain,B
cbe93a43-09cd-4cb4-9edd-f22fe8c28415,rag,abstain,D
7a88e6f7-fb8e-4a24-b08d-9b7a6edafe57,rag,abstain,D
91387526-9268-4a3c-9abe-73819707d0b0,rag,abstain,B
7b98796f-25be-4c58-a52a-4e366c0ffd95,rag,abstain,C
5e20e26d-6192-4563-abb3-a4857e3dbc7c,rag,correct,A
b105af85-833e-48bc-ac78-48f73c9673fd,rag,abstain,B
5b6d6f82-a585-4aa8-9fe6-e7d35f7cb2ae,rag,abstain,E
12321eab-6ad6-4218-8815-18bc51c14544,rag,abstain,C
c33446f6-fbff-4186-8a51-28a17f68bd40,rag,abstain,D
b1d5a5f5-6e89-4dfb-b60d-5a9824b015f3,rag,correct,B
6aa10957-bdd9-4dab-a4e1-234a17cb87dd,rag,incorrect,D
28ebecdf-949e-4d20-aca9-5989b7a9d6e9,rag,incorrect,E
dbb51a1c-f9a2-4960-a93c-118957659790,rag,abstain,A
3d40f373-59d3-4666-87bd-6db64fd7b4fb,rag,correct,A
85c67ef3-322c-42b4-b745-c05e07e7b8ac,rag,abstain,D
653635b7-3bc6-4a7b-98c7-c02038c0e928,rag,incorrect,B
100b570f-1c4f-4214-8402-f1b15f9989b4,rag,abstain,D
0a9d6516-95ef-4d7b-a28d-d7cde27b7b55,rag,abstain,B
8d61a14b-60ef-43b0-8003-b60cb6657428,rag,correct,A
4d4cb121-9525-499a-9475-9b212465c72d,rag,correct,C
ca4c9d21-b842-4875-9a6a-bcb9f6c55073,rag,correct,E
c3816cb5-8c87-4946-b133-43f415ab6b2a,rag,incorrect,C
59745f75-52bf-4815-905c-3dfad1ef8923,rag,incorrect,D
26691c84-514b-4712-a43e-09705d681e45,rag,incorrect,E
0e53a08c-4252-4a84-962b-5b396f9740aa,rag,abstain,F
8ade3e3a-4792-4965-b9d9-05e528ebbfa0,rag,correct,B
f5a4b449-e647-4ae0-8419-c221792482c9,rag,correct,B
5806ed2a-1005-44f1-8d70-332048fea8f4,rag,abstain,E
6fff0994-6d02-470a-9d61-8e35420412b6,rag,incorrect,D
8266ac61-92d6-423d-8e7a-fe47b3a7e885,rag,abstain,D
322454df-45a8-41b3-9b0a-4e808144023c,rag,abstain,D
3c9f23e2-fdd0-431b-aca7-4f9556c78f1f,rag,abstain,E
983f1ef5-fc7d-4f4a-8f48-e704641eae12,rag,incorrect,D
7d2c8d44-ecf3-40d2-ab69-b6195c46ffe9,rag,correct,E
720e20c2-9ad1-4d98-9f01-8b7fb3782a46,rag,correct,C
dbfbae3d-62f6-4710-8d13-8ce4c8485567,rag,incorrect,B
7a42c784-7ae0-48fe-a71f-0a547b8fabb3,rag,incorrect,B
0708b62f-9652-49eb-8ba6-28878afa7445,rag,abstain,E
5b3b7d05-9e54-445c-b374-d4c6b60923b4,rag,correct,A
623a831f-41ee-4e0e-936a-87f93d96369e,rag,abstain,C
99e8fa71-b59c-4aef-8cf6-40102a10622f,rag,abstain,B
0b1d5537-db47-420c-984b-9b56d38e6d98,rag,correct,D
ade96656-7ed1-4e21-b009-b7a73e13bff5,rag,incorrect,B
78a2c1d2-f035-4c7d-a7ee-40dfd95ca88a,rag,abstain,C
224efcd7-3652-47f8-84dd-15b4c6fafae2,rag,abstain,E
55187fb4-e7ee-4027-b74f-cab50f328442,rag,incorrect,B
25a9cf59-1c28-4ddf-b797-f43efb9349e6,rag,incorrect,B
cdc80639-dc21-4337-bccc-d61d9aec6560,rag,abstain,C
12a20d8d-cd49-47eb-9a19-6a38519ee3dc,rag,abstain,D
4bb69c9d-2485-42d2-b8aa-aa647b407ca4,rag,correct,A
8c833521-56c4-458d-8c65-2bbf66190cae,rag,abstain,C
255fd5fb-9623-4030-8bf2-253247df7c82,rag,incorrect,A
38ada695-2c79-459b-8e68-dbed734c74f9,rag,incorrect,C
925ffe20-b8a9-4ac4-943c-7a16966f4a4b,rag,correct,C
e763edaa-b112-460a-a564-d58a6685e639,rag,abstain,B
8af900bb-5794-40db-910e-10d5857ce5bd,rag,abstain,D
6194ebfc-2d5c-4ccc-8883-da7c471b61e6,rag,abstain,C
1f1b07d7-39ce-4665-9b70-4ab77e3c87aa,rag,abstain,A
55668039-396e-488a-b2c3-bbe840550433,rag,abstain,C
4f050bf3-27cd-4a14-8422-45df5e2bb079,rag,incorrect,E
cff00d08-5655-4214-97ac-8fa9504c1165,rag,abstain,A
0eeb7ea9-fc80-4dee-9418-1c328c3ab653,rag,abstain,E
658f7050-d137-477e-8693-26609080cecd,rag,abstain,D
8696273a-7fea-411a-b6c6-0e826e1e02b5,rag,abstain,C
99713efa-d1b1-4fc5-a4b1-cbae2b3a5798,rag,abstain,E
ce6dd5f7-0706-41dd-a383-9b0d22ef00a1,rag,abstain,E
400786c1-e6c6-4f46-a501-86fdd048ed88,rag,abstain,D
e820cbcf-6df1-4c1c-b985-c02f39f52781,rag,incorrect,C
230dec20-cd02-4613-a7b1-e28058ed46fe,rag,correct,C
db851865-5cbf-4d55-b6db-34f22ef5e727,rag,abstain,E
7975ddb0-a784-4f85-a297-c80e1cb5dcf2,rag,abstain,C
a1d01019-d2b1-4619-92ec-7ea38578819f,rag,incorrect,A
fe074387-3765-4020-8f5d-e395d1094121,rag,abstain,C
f0b6cea0-e005-47bc-be0d-9a10b219cae6,rag,abstain,F
ae02d0e9-edf5-4c39-a215-3cbc8f4c565d,rag,incorrect,B
fd60a0e7-ba64-49a9-843a-6f5cb17c5fa9,rag,incorrect,E
14fd2b75-76fb-4c29-a21d-c557b2bcf2ff,rag,abstain,E
e9f142f0-8ef6-47cd-b846-7283a93308d4,rag,abstain,B
398ebac1-fd2d-45b1-9415-d82db4b4d83c,rag,incorrect,D
7e7150d6-bc73-4a29-a5b3-4ef8399ed947,rag,abstain,B
58b39fab-337b-452d-b74f-84f9a188ce88,rag,correct,E
80e6571e-8f5d-496a-8ba3-9c9f5b783f5d,rag,incorrect,D
154e7b14-4ed5-4cf3-9149-0c4843fc62cc,rag,abstain,D
a71ef7a2-31a2-460d-9ff4-32d7722353c3,rag,abstain,F
c624ed31-214f-4c80-9544-5514a096b1d3,rag,abstain,E
bcd2f213-c6c6-4660-af35-a7bd1c6a1170,rag,incorrect,B
24fae97b-03f3-48b8-b623-abf07faee02e,rag,abstain,D
ce93661b-e3c4-4a7a-96b6-87492259c501,rag,incorrect,E
941c04dc-c89d-4a90-87b0-930625268a38,rag,correct,B
ea4ce240-2864-4ee5-9ffc-2dbda0f8f550,rag,abstain,D
cff68274-4bbe-4fa0-a181-36a9af3cc0f1,rag,abstain,F
2c262f91-52b6-421d-8341-8748f923459e,rag,abstain,D
6f8a51e2-f7ad-4033-b43d-370348e4809f,rag,abstain,D
9a0b82cb-6a99-4e50-83fc-3ef2ebd277cc,rag,abstain,E
8b665114-7729-4dac-a64f-4862a5397b82,rag,abstain,B
5c808548-92c4-4ae7-990c-e2df81e3c2ae,rag,incorrect,B
564e715f-8d30-410b-bdb5-0dc5206589a7,rag,incorrect,B
e90ea0fc-4659-4b20-acae-75dc4b97a101,rag,abstain,A
c246753c-27d2-4ae4-8630-b9b4077ba6f6,rag,incorrect,C
22306bd7-7e84-415d-aebb-11c6312eb081,rag,incorrect,C
7d71dffb-b591-4b88-b0c6-e125a1b083b4,rag,abstain,B
fca26d7c-05cf-40b0-9fd6-a63ed7950909,rag,incorrect,A
c6e11fac-8f9c-4cf1-aa6e-4d25731ba74f,rag,abstain,E
bace5737-ba26-422a-8706-0fb1e92b689f,rag,incorrect,G
ff7328e2-4954-46a2-8ea3-d40b4df0c0ea,rag,incorrect,C
76bcaeeb-93bd-4951-99b9-cf4613de1a37,rag,incorrect,C
850f86d3-0139-43df-89fd-e606c30aaa8b,rag,incorrect,D
df061613-2591-4faa-be03-791c76375cb5,rag,incorrect,B
634f6745-f3b3-4cb1-9859-96ffb954b98a,rag,correct,E
d1eabedb-656f-4f89-a65f-4ed89478ba9f,rag,abstain,B
58f69c8d-cb94-4021-a84f-c549a7b976e1,rag,incorrect,A
20980744-f9ff-4e39-a08d-106eada6900c,rag,correct,D
a6622141-68d6-418f-8e30-7a5eff3d4fa8,rag,abstain,C
9fe3ff3b-60cf-472d-ab1a-2bda1868f1b4,rag,incorrect,C
9088251a-99fe-4b91-b6a9-375154ec4f58,rag,correct,E
b8ec372b-ae29-473e-96bc-86ff1ead24ea,rag,abstain,E
a45c277e-55d9-4e7f-b1de-37fc2e19daf6,rag,incorrect,A
a8aa19cc-e4d1-4aa1-8c4e-2a518b4c99d6,rag,incorrect,D
2c3ba95c-47d5-4798-9911-ffdb11c940e4,rag,incorrect,E
49d2630e-9d26-4e12-89a3-3050a609abf5,rag,abstain,C
c758f685-ba4a-4bf0-bd85-567c60ff1508,rag,correct,A
5966d3db-5a23-4ea7-a719-2472019d94a6,rag,incorrect,D
fd54d745-447c-4fcd-80de-463fcd3de6a4,rag,correct,E
3f5bae15-bd5d-43e3-8e5e-944b1e533529,rag,abstain,A
4d11258d-ee8c-4bc7-91a8-613c7a41f139,rag,abstain,D
1ff2b2e4-492e-4e35-bf33-f0fb53ab938c,rag,abstain,B
178a5e56-340f-4ba8-a3e5-f024ca016f40,rag,incorrect,D
c75879f4-9329-4594-8f6a-c4d421f2439f,rag,abstain,B
b2a0249b-2850-4576-8b78-8408c1e47324,rag,abstain,F
f7346ea0-5f1b-45e9-a1d6-493c754159c1,rag,incorrect,D
3d3fea17-c8ee-4005-94cb-d8798be696c3,rag,abstain,A
ab58e166-f0b5-49ae-ac56-c38b5d6e8aad,rag,correct,G
a73b2c2d-a3ac-49e6-8e2e-44b4c1e6de94,rag,abstain,E
04dbe07d-8b2c-4daf-b5b2-ef0e93f1fd2a,rag,incorrect,B
4a6705b5-85e5-44c1-8444-65be30192802,rag,correct,B
08397294-3d99-4790-915c-b8bcb1e9e661,rag,incorrect,B
837b2489-723a-4099-9b68-c2a9ea688f4d,rag,correct,B
745f5a0d-5f8f-405e-bb46-f37b3d1f0678,rag,incorrect,D
bca1be77-208b-4d57-ac29-05aa6d58bdbf,rag,correct,G
2dc20a2f-de54-4bfe-a34f-1ba395f342cf,rag,correct,D
afb36e40-0836-4810-909e-eabfe17dcd8b,rag,abstain,C
c6f097c9-2216-4e98-af45-8101681b38ec,rag,abstain,C
9f797d29-9f3a-481d-b2fe-326cbc686273,rag,abstain,B
0d5cf8a7-a240-4a8f-be4e-c16712f90d79,rag,abstain,E
40400348-eabb-4b25-90d1-e33589d3e5a4,rag,correct,C
4949fc05-5f78-4dd0-8d9c-3dbb6004740a,rag,abstain,A
c7b36a1c-ea80-4ae5-b2f1-3932cb16c3cf,rag,abstain,B
ebe57888-662f-488f-ade1-c0aaffe638b1,rag,correct,E
ef07d562-fc18-43c9-8201-7a189d76eeb9,rag,abstain,A
b331480e-dfc7-4e92-931a-c71f491c4795,rag,incorrect,C
58950824-2665-445d-939b-9512d5d01a2b,rag,abstain,C
8d12cb90-73c6-4cc1-9f83-0fa9fd822e92,rag,incorrect,A
e3b5a4af-41d9-48db-becf-29a08d0ad28e,agentic,correct,A
76184ccf-4bf0-469e-a442-11d04b4ff8b0,agentic,correct,D
39129e1c-096f-4414-bf4f-37fadbbe364c,agentic,correct,G
27234279-f50c-4cfc-86e2-af68364a8f94,agentic,correct,J
517e7cf8-c5d2-4391-9e2a-235b79d93050,agentic,correct,E
cb710074-73a8-4407-b0c7-7dc868f1bc76,agentic,abstain,I
2c05315d-6898-4667-b454-d99b7381bedb,agentic,correct,D
5c4c602c-9624-4eae-ac44-efe4c0dd10e6,agentic,correct,D
c9bdb9b5-28c1-44da-93b6-b1fc9d8bf369,agentic,correct,D
e6b0f9e5-e976-47dc-b839-0b2fca967e9e,agentic,correct,C
247eeb85-a552-4b87-b83e-327538fcb8a9,agentic,correct,C
39c985ce-70e8-48e4-bd76-744cd07cb56a,agentic,incorrect,D
a214f5f8-0de8-43cf-82e0-7930003e4a0c,agentic,incorrect,A
a43e5166-d0e8-48f8-a113-648acac7ed59,agentic,correct,D
dd29920d-cb70-440f-961c-3e1103776c4f,agentic,correct,C
7d805bb8-4c7c-431f-b068-acf5e5459985,agentic,correct,D
8d7fa642-ee46-4a13-8ea9-61cc2d4f4ddd,agentic,correct,A
487539f9-2f17-4009-aa4a-c41322445f11,agentic,correct,B
5049c648-b1bb-4624-8824-9d93dfb04e51,agentic,correct,D
a18883e9-218a-4719-8d2c-cf94d740de1a,agentic,correct,C
d7833c0f-2a16-40d2-b6a0-6764aa3003a6,agentic,correct,B
1ccdc348-50e1-4941-9151-5e50411a2b41,agentic,correct,C
1e5f5199-84f4-4133-ab87-2372fa6ca722,agentic,correct,A
d2860d38-dfb9-4b80-905f-812c32573915,agentic,correct,C
77a41274-cd9c-48bc-a347-e0746907840d,agentic,correct,C
5a2128ad-3127-4595-b810-db128d1a2335,agentic,correct,C
d65103ae-c881-4116-a0a7-1b233eb6275a,agentic,incorrect,E
ab5eb050-d134-4445-9307-6faa08be7474,agentic,correct,A
82de3e92-abe2-46ac-ad17-23417b9c4da7,agentic,correct,A
7cf0fcde-fea8-420c-8531-2f2fe9e38980,agentic,correct,B
da5b2a8f-ba08-4692-851f-2e0bf142a02f,agentic,correct,C
e2fb56b7-08cd-4dc0-bc63-b45931a74fc9,agentic,correct,B
eda34fde-798e-43a1-a9d3-a804d3d8ee4e,agentic,correct,G
0eede7a8-fe1f-42d3-a2c6-478083648644,agentic,correct,B
d1307e50-3c03-4c76-81ee-2decb5de5f14,agentic,abstain,A
10cece36-a507-4a93-9600-13f3e0e677f8,agentic,correct,A
f5a84803-3917-43eb-801b-8dc0c5400da1,agentic,correct,A
c47dd378-dde3-4a45-9184-6abfa6163717,agentic,incorrect,B
0bac8974-554c-439a-a9a2-22fa509c8d5d,agentic,correct,B
aaa85379-1e4b-4642-9ec4-e1a6d6c29c3b,agentic,correct,A
aa1835b2-2b1c-4986-b7af-e174da0124b0,agentic,correct,F
5a9c6697-a65c-49c0-9e02-38b2a276fde7,agentic,correct,C
37a4d007-793e-4a89-922a-c1b05f4f82c1,agentic,correct,C
c9baf8e0-c4c7-4ba3-b5c4-18e9af8b2df1,agentic,correct,D
d0f69626-66ee-4807-937d-c3a024441812,agentic,correct,A
462a9f38-7cbe-4e12-a6e2-b1d7028c3a8b,agentic,correct,D
86f111e5-402b-4ef5-b101-8be1bf5be7c6,agentic,correct,C
cbe93a43-09cd-4cb4-9edd-f22fe8c28415,agentic,abstain,D
7a88e6f7-fb8e-4a24-b08d-9b7a6edafe57,agentic,correct,I
91387526-9268-4a3c-9abe-73819707d0b0,agentic,abstain,B
7b98796f-25be-4c58-a52a-4e366c0ffd95,agentic,correct,E
5e20e26d-6192-4563-abb3-a4857e3dbc7c,agentic,correct,A
b105af85-833e-48bc-ac78-48f73c9673fd,agentic,correct,E
5b6d6f82-a585-4aa8-9fe6-e7d35f7cb2ae,agentic,correct,A
12321eab-6ad6-4218-8815-18bc51c14544,agentic,correct,B
c33446f6-fbff-4186-8a51-28a17f68bd40,agentic,correct,C
b1d5a5f5-6e89-4dfb-b60d-5a9824b015f3,agentic,correct,B
6aa10957-bdd9-4dab-a4e1-234a17cb87dd,agentic,correct,A
28ebecdf-949e-4d20-aca9-5989b7a9d6e9,agentic,correct,D
dbb51a1c-f9a2-4960-a93c-118957659790,agentic,correct,E
3d40f373-59d3-4666-87bd-6db64fd7b4fb,agentic,correct,A
85c67ef3-322c-42b4-b745-c05e07e7b8ac,agentic,correct,C
653635b7-3bc6-4a7b-98c7-c02038c0e928,agentic,incorrect,B
100b570f-1c4f-4214-8402-f1b15f9989b4,agentic,correct,F
0a9d6516-95ef-4d7b-a28d-d7cde27b7b55,agentic,abstain,B
8d61a14b-60ef-43b0-8003-b60cb6657428,agentic,correct,A
4d4cb121-9525-499a-9475-9b212465c72d,agentic,correct,C
ca4c9d21-b842-4875-9a6a-bcb9f6c55073,agentic,correct,E
c3816cb5-8c87-4946-b133-43f415ab6b2a,agentic,incorrect,F
59745f75-52bf-4815-905c-3dfad1ef8923,agentic,correct,C
26691c84-514b-4712-a43e-09705d681e45,agentic,correct,D
0e53a08c-4252-4a84-962b-5b396f9740aa,agentic,correct,D
8ade3e3a-4792-4965-b9d9-05e528ebbfa0,agentic,correct,B
f5a4b449-e647-4ae0-8419-c221792482c9,agentic,correct,B
5806ed2a-1005-44f1-8d70-332048fea8f4,agentic,correct,B
6fff0994-6d02-470a-9d61-8e35420412b6,agentic,correct,E
8266ac61-92d6-423d-8e7a-fe47b3a7e885,agentic,correct,A
322454df-45a8-41b3-9b0a-4e808144023c,agentic,correct,B
3c9f23e2-fdd0-431b-aca7-4f9556c78f1f,agentic,correct,C
983f1ef5-fc7d-4f4a-8f48-e704641eae12,agentic,correct,E
7d2c8d44-ecf3-40d2-ab69-b6195c46ffe9,agentic,correct,E
720e20c2-9ad1-4d98-9f01-8b7fb3782a46,agentic,correct,C
dbfbae3d-62f6-4710-8d13-8ce4c8485567,agentic,abstain,A
7a42c784-7ae0-48fe-a71f-0a547b8fabb3,agentic,correct,E
0708b62f-9652-49eb-8ba6-28878afa7445,agentic,correct,D
5b3b7d05-9e54-445c-b374-d4c6b60923b4,agentic,correct,A
623a831f-41ee-4e0e-936a-87f93d96369e,agentic,correct,A
99e8fa71-b59c-4aef-8cf6-40102a10622f,agentic,correct,A
0b1d5537-db47-420c-984b-9b56d38e6d98,agentic,abstain,C
ade96656-7ed1-4e21-b009-b7a73e13bff5,agentic,correct,E
78a2c1d2-f035-4c7d-a7ee-40dfd95ca88a,agentic,correct,B
224efcd7-3652-47f8-84dd-15b4c6fafae2,agentic,correct,A
55187fb4-e7ee-4027-b74f-cab50f328442,agentic,correct,A
25a9cf59-1c28-4ddf-b797-f43efb9349e6,agentic,correct,C
cdc80639-dc21-4337-bccc-d61d9aec6560,agentic,correct,A
12a20d8d-cd49-47eb-9a19-6a38519ee3dc,agentic,abstain,D
4bb69c9d-2485-42d2-b8aa-aa647b407ca4,agentic,correct,A
8c833521-56c4-458d-8c65-2bbf66190cae,agentic,correct,A
255fd5fb-9623-4030-8bf2-253247df7c82,agentic,correct,D
38ada695-2c79-459b-8e68-dbed734c74f9,agentic,correct,B
925ffe20-b8a9-4ac4-943c-7a16966f4a4b,agentic,correct,C
e763edaa-b112-460a-a564-d58a6685e639,agentic,correct,D
8af900bb-5794-40db-910e-10d5857ce5bd,agentic,correct,C
6194ebfc-2d5c-4ccc-8883-da7c471b61e6,agentic,correct,F
1f1b07d7-39ce-4665-9b70-4ab77e3c87aa,agentic,abstain,A
55668039-396e-488a-b2c3-bbe840550433,agentic,correct,E
4f050bf3-27cd-4a14-8422-45df5e2bb079,agentic,correct,A
cff00d08-5655-4214-97ac-8fa9504c1165,agentic,correct,E
0eeb7ea9-fc80-4dee-9418-1c328c3ab653,agentic,correct,A
658f7050-d137-477e-8693-26609080cecd,agentic,correct,A
8696273a-7fea-411a-b6c6-0e826e1e02b5,agentic,correct,E
99713efa-d1b1-4fc5-a4b1-cbae2b3a5798,agentic,correct,A
ce6dd5f7-0706-41dd-a383-9b0d22ef00a1,agentic,correct,C
400786c1-e6c6-4f46-a501-86fdd048ed88,agentic,correct,B
e820cbcf-6df1-4c1c-b985-c02f39f52781,agentic,abstain,D
230dec20-cd02-4613-a7b1-e28058ed46fe,agentic,correct,C
db851865-5cbf-4d55-b6db-34f22ef5e727,agentic,abstain,E
7975ddb0-a784-4f85-a297-c80e1cb5dcf2,agentic,correct,A
a1d01019-d2b1-4619-92ec-7ea38578819f,agentic,correct,D
fe074387-3765-4020-8f5d-e395d1094121,agentic,correct,B
f0b6cea0-e005-47bc-be0d-9a10b219cae6,agentic,correct,D
ae02d0e9-edf5-4c39-a215-3cbc8f4c565d,agentic,correct,A
fd60a0e7-ba64-49a9-843a-6f5cb17c5fa9,agentic,incorrect,E
14fd2b75-76fb-4c29-a21d-c557b2bcf2ff,agentic,correct,C
e9f142f0-8ef6-47cd-b846-7283a93308d4,agentic,correct,A
398ebac1-fd2d-45b1-9415-d82db4b4d83c,agentic,incorrect,E
7e7150d6-bc73-4a29-a5b3-4ef8399ed947,agentic,correct,A
58b39fab-337b-452d-b74f-84f9a188ce88,agentic,abstain,A
80e6571e-8f5d-496a-8ba3-9c9f5b783f5d,agentic,correct,C
154e7b14-4ed5-4cf3-9149-0c4843fc62cc,agentic,correct,B
a71ef7a2-31a2-460d-9ff4-32d7722353c3,agentic,abstain,F
c624ed31-214f-4c80-9544-5514a096b1d3,agentic,correct,A
bcd2f213-c6c6-4660-af35-a7bd1c6a1170,agentic,correct,C
24fae97b-03f3-48b8-b623-abf07faee02e,agentic,correct,E
ce93661b-e3c4-4a7a-96b6-87492259c501,agentic,correct,C
941c04dc-c89d-4a90-87b0-930625268a38,agentic,correct,B
ea4ce240-2864-4ee5-9ffc-2dbda0f8f550,agentic,correct,A
cff68274-4bbe-4fa0-a181-36a9af3cc0f1,agentic,correct,B
2c262f91-52b6-421d-8341-8748f923459e,agentic,correct,E
6f8a51e2-f7ad-4033-b43d-370348e4809f,agentic,correct,C
9a0b82cb-6a99-4e50-83fc-3ef2ebd277cc,agentic,correct,F
8b665114-7729-4dac-a64f-4862a5397b82,agentic,correct,D
5c808548-92c4-4ae7-990c-e2df81e3c2ae,agentic,abstain,D
564e715f-8d30-410b-bdb5-0dc5206589a7,agentic,correct,C
e90ea0fc-4659-4b20-acae-75dc4b97a101,agentic,correct,E
c246753c-27d2-4ae4-8630-b9b4077ba6f6,agentic,correct,B
22306bd7-7e84-415d-aebb-11c6312eb081,agentic,correct,H
7d71dffb-b591-4b88-b0c6-e125a1b083b4,agentic,correct,A
fca26d7c-05cf-40b0-9fd6-a63ed7950909,agentic,correct,C
c6e11fac-8f9c-4cf1-aa6e-4d25731ba74f,agentic,correct,D
bace5737-ba26-422a-8706-0fb1e92b689f,agentic,incorrect,E
ff7328e2-4954-46a2-8ea3-d40b4df0c0ea,agentic,correct,B
76bcaeeb-93bd-4951-99b9-cf4613de1a37,agentic,correct,E
850f86d3-0139-43df-89fd-e606c30aaa8b,agentic,correct,E
df061613-2591-4faa-be03-791c76375cb5,agentic,correct,D
634f6745-f3b3-4cb1-9859-96ffb954b98a,agentic,correct,E
d1eabedb-656f-4f89-a65f-4ed89478ba9f,agentic,correct,C
58f69c8d-cb94-4021-a84f-c549a7b976e1,agentic,correct,E
20980744-f9ff-4e39-a08d-106eada6900c,agentic,correct,D
a6622141-68d6-418f-8e30-7a5eff3d4fa8,agentic,correct,E
9fe3ff3b-60cf-472d-ab1a-2bda1868f1b4,agentic,correct,E
9088251a-99fe-4b91-b6a9-375154ec4f58,agentic,correct,E
b8ec372b-ae29-473e-96bc-86ff1ead24ea,agentic,abstain,E
a45c277e-55d9-4e7f-b1de-37fc2e19daf6,agentic,correct,B
a8aa19cc-e4d1-4aa1-8c4e-2a518b4c99d6,agentic,correct,C
2c3ba95c-47d5-4798-9911-ffdb11c940e4,agentic,correct,A
49d2630e-9d26-4e12-89a3-3050a609abf5,agentic,correct,B
c758f685-ba4a-4bf0-bd85-567c60ff1508,agentic,correct,A
5966d3db-5a23-4ea7-a719-2472019d94a6,agentic,correct,C
fd54d745-447c-4fcd-80de-463fcd3de6a4,agentic,correct,E
3f5bae15-bd5d-43e3-8e5e-944b1e533529,agentic,correct,B
4d11258d-ee8c-4bc7-91a8-613c7a41f139,agentic,correct,A
1ff2b2e4-492e-4e35-bf33-f0fb53ab938c,agentic,correct,A
178a5e56-340f-4ba8-a3e5-f024ca016f40,agentic,correct,A
c75879f4-9329-4594-8f6a-c4d421f2439f,agentic,correct,A
b2a0249b-2850-4576-8b78-8408c1e47324,agentic,correct,E
f7346ea0-5f1b-45e9-a1d6-493c754159c1,agentic,correct,E
3d3fea17-c8ee-4005-94cb-d8798be696c3,agentic,correct,C
ab58e166-f0b5-49ae-ac56-c38b5d6e8aad,agentic,correct,G
a73b2c2d-a3ac-49e6-8e2e-44b4c1e6de94,agentic,correct,C
04dbe07d-8b2c-4daf-b5b2-ef0e93f1fd2a,agentic,correct,A
4a6705b5-85e5-44c1-8444-65be30192802,agentic,correct,B
08397294-3d99-4790-915c-b8bcb1e9e661,agentic,correct,C
837b2489-723a-4099-9b68-c2a9ea688f4d,agentic,correct,B
745f5a0d-5f8f-405e-bb46-f37b3d1f0678,agentic,correct,E
bca1be77-208b-4d57-ac29-05aa6d58bdbf,agentic,correct,G
2dc20a2f-de54-4bfe-a34f-1ba395f342cf,agentic,correct,D
afb36e40-0836-4810-909e-eabfe17dcd8b,agentic,correct,A
c6f097c9-2216-4e98-af45-8101681b38ec,agentic,correct,B
9f797d29-9f3a-481d-b2fe-326cbc686273,agentic,correct,A
0d5cf8a7-a240-4a8f-be4e-c16712f90d79,agentic,correct,B
40400348-eabb-4b25-90d1-e33589d3e5a4,agentic,correct,C
4949fc05-5f78-4dd0-8d9c-3dbb6004740a,agentic,correct,E
c7b36a1c-ea80-4ae5-b2f1-3932cb16c3cf,agentic,correct,F
ebe57888-662f-488f-ade1-c0aaffe638b1,agentic,correct,E
ef07d562-fc18-43c9-8201-7a189d76eeb9,agentic,correct,E
b331480e-dfc7-4e92-931a-c71f491c4795,agentic,correct,F
58950824-2665-445d-939b-9512d5d01a2b,agentic,correct,D
8d12cb90-73c6-4cc1-9f83-0fa9fd822e92,agentic,incorrect,D
